Date,Adj Close
2007-03-23,22.140095000000002
2007-03-26,22.460404999999998
2007-03-27,22.074492000000003
2007-03-28,21.765757
2007-03-29,21.997303
2007-03-30,22.120798
2007-04-02,22.143955
2007-04-03,22.425676
2007-04-04,22.583902
2007-04-05,22.661087
2007-04-09,22.780722
2007-04-10,22.919647
2007-04-11,22.745985
2007-04-12,23.077876999999997
2007-04-13,23.124184
2007-04-16,23.459936
2007-04-17,23.270836
2007-04-18,23.290125
2007-04-19,23.039279999999998
2007-04-20,23.355738
2007-04-23,23.355738
2007-04-24,23.309427
2007-04-25,23.695342999999998
2007-04-26,23.517815
2007-04-27,23.394327
2007-04-30,23.012273999999998
2007-05-01,23.081738
2007-05-02,23.405907
2007-05-03,23.664474
2007-05-04,23.757095
2007-05-07,23.896019
2007-05-08,23.656754
2007-05-09,23.953907
2007-05-10,23.490807
2007-05-11,23.946188
2007-05-14,23.683767
2007-05-15,23.710783
2007-05-16,24.104422
2007-05-17,23.996367000000003
2007-05-18,24.131432999999998
2007-05-21,24.285795
2007-05-22,24.343683
2007-05-23,24.235628
2007-05-24,23.664474
2007-05-25,24.050392000000002
2007-05-29,23.973206
2007-05-30,24.139154
2007-05-31,24.243345
2007-06-01,24.606112
2007-06-04,24.64856
2007-06-05,24.501913000000002
2007-06-06,24.112133
2007-06-07,23.803396
2007-06-08,24.258785
2007-06-11,24.432446
2007-06-12,23.950052
2007-06-13,24.428587
2007-06-14,24.764333999999998
2007-06-15,25.211998
2007-06-18,25.323919
2007-06-19,25.327773999999998
2007-06-20,25.227439999999998
2007-06-21,25.489862
2007-06-22,25.304625
2007-06-25,25.157974
2007-06-26,24.922562
2007-06-27,25.447411
2007-06-28,25.470566
2007-06-29,25.246731
2007-07-02,25.891211
2007-07-03,26.203808
2007-07-05,26.350462
2007-07-06,26.562712
2007-07-09,26.906181
2007-07-10,26.512543
2007-07-11,26.686209
2007-07-12,27.292095
2007-07-13,27.380854
2007-07-16,27.145446999999997
2007-07-17,27.207193
2007-07-18,26.933195
2007-07-19,27.330685
2007-07-20,27.118431
2007-07-23,27.747478000000005
2007-07-24,27.018093
2007-07-25,27.014231
2007-07-26,25.906651999999998
2007-07-27,25.605635
2007-07-30,26.30415
2007-07-31,26.14592
2007-08-01,25.875784
2007-08-02,26.076458
2007-08-03,25.227439999999998
2007-08-06,25.551609
2007-08-07,25.640369
2007-08-08,26.122768
2007-08-09,25.285328
2007-08-10,25.042198000000003
2007-08-13,25.138672
2007-08-14,24.586817
2007-08-15,23.753232999999998
2007-08-16,22.78458
2007-08-17,23.741657
2007-08-20,23.89216
2007-08-21,23.834272
2007-08-22,24.706448
2007-08-23,24.961154999999998
2007-08-24,25.77158
2007-08-27,25.964537
2007-08-28,24.741182000000002
2007-08-29,25.775442
2007-08-30,25.655809
2007-08-31,26.416063
2007-09-04,26.825146000000004
2007-09-05,26.354316999999998
2007-09-06,26.747952
2007-09-07,25.910517000000002
2007-09-10,26.026289000000002
2007-09-11,26.527975
2007-09-12,26.601303
2007-09-13,26.913890999999996
2007-09-14,26.778824
2007-09-17,26.516399
2007-09-18,27.666439
2007-09-19,27.886412
2007-09-20,27.755197999999996
2007-09-21,28.171989
2007-09-24,28.550182
2007-09-25,28.492302000000002
2007-09-26,28.851204
2007-09-27,29.252558
2007-09-28,29.109768
2007-10-01,29.870028
2007-10-02,30.163334000000003
2007-10-03,29.522696999999997
2007-10-04,29.723378999999998
2007-10-05,30.510653
2007-10-08,30.394869
2007-10-09,30.977608
2007-10-10,30.939018
2007-10-11,30.815525
2007-10-12,31.182147999999998
2007-10-15,30.954449
2007-10-16,30.622567999999998
2007-10-17,31.425268
2007-10-18,31.521753000000004
2007-10-19,30.225078999999997
2007-10-22,30.553095000000003
2007-10-23,31.328796
2007-10-24,31.066368
2007-10-25,31.479305
2007-10-26,32.420952
2007-10-29,33.049984
2007-10-30,32.501976
2007-10-31,33.053847999999995
2007-11-01,32.004146999999996
2007-11-02,32.185528000000005
2007-11-05,31.294054
2007-11-06,31.996431
2007-11-07,31.097246000000002
2007-11-08,31.224596000000002
2007-11-09,30.811659000000002
2007-11-12,28.947691
2007-11-13,30.769221999999996
2007-11-14,30.962175
2007-11-15,29.958786
2007-11-16,30.510653
2007-11-19,29.472535999999998
2007-11-20,30.132447999999997
2007-11-21,29.001719
2007-11-23,29.580589
2007-11-26,28.523176
2007-11-27,29.237115999999997
2007-11-28,30.190336
2007-11-29,30.282953000000003
2007-11-30,30.580103
2007-12-03,30.101576
2007-12-04,30.163334000000003
2007-12-05,31.186004999999998
2007-12-06,31.780312
2007-12-07,31.45229
2007-12-10,31.502451
2007-12-11,30.375584000000003
2007-12-12,30.950591999999997
2007-12-13,30.325401
2007-12-14,29.626896000000002
2007-12-17,28.199005
2007-12-18,28.909094
2007-12-19,29.040308000000003
2007-12-20,29.221684999999997
2007-12-21,29.917221
2007-12-24,30.306472999999997
2007-12-26,30.534522999999997
2007-12-27,30.259285
2007-12-28,30.298605
2007-12-31,30.153133
2008-01-02,29.858246
2008-01-03,29.936878000000004
2008-01-04,29.197695
2008-01-07,29.472927000000002
2008-01-08,29.307787
2008-01-09,30.196388
2008-01-10,30.243561
2008-01-11,29.606609000000002
2008-01-14,29.92902
2008-01-15,28.883152000000003
2008-01-16,27.837290000000003
2008-01-17,26.854343
2008-01-18,27.365471000000003
2008-01-22,26.362859999999998
2008-01-23,26.66954
2008-01-24,27.011606
2008-01-25,26.936901000000002
2008-01-28,26.936901000000002
2008-01-29,27.188540000000003
2008-01-30,27.153152000000002
2008-01-31,26.976219
2008-02-01,27.746861
2008-02-04,27.758653999999996
2008-02-05,26.465086
2008-02-06,26.221313000000002
2008-02-07,26.343199
2008-02-08,26.55945
2008-02-11,26.724583000000003
2008-02-12,26.972285999999997
2008-02-13,27.801904999999998
2008-02-14,27.522743
2008-02-15,27.640698999999998
2008-02-19,28.057468
2008-02-20,28.254065
2008-02-21,27.955247999999997
2008-02-22,28.183290000000003
2008-02-25,28.81632
2008-02-26,29.221289000000002
2008-02-27,29.468992
2008-02-28,29.28027
2008-02-29,28.206882
2008-03-03,28.246202
2008-03-04,27.927727
2008-03-05,28.187222
2008-03-06,27.762579
2008-03-07,27.310429
2008-03-10,26.661676
2008-03-11,28.269793
2008-03-12,28.230471
2008-03-13,28.033884000000004
2008-03-14,27.011606
2008-03-17,26.288153
2008-03-18,27.337952
2008-03-19,26.008995000000002
2008-03-20,26.189856
2008-03-24,27.023405
2008-03-25,27.455911999999998
2008-03-26,27.404790999999996
2008-03-27,27.471636
2008-03-28,27.412654999999997
2008-03-31,27.448044
2008-04-01,28.199016999999998
2008-04-02,28.297308
2008-04-03,28.454588
2008-04-04,28.497839000000003
2008-04-07,28.603997999999997
2008-04-08,28.670837
2008-04-09,28.482104999999997
2008-04-10,28.698357
2008-04-11,28.391685
2008-04-14,28.372015
2008-04-15,28.828106
2008-04-16,29.488654999999998
2008-04-17,29.441473
2008-04-18,29.524046000000002
2008-04-21,29.787483
2008-04-22,29.441473
2008-04-23,29.779613
2008-04-24,29.885761
2008-04-25,29.649857
2008-04-28,29.925095000000002
2008-04-29,29.115126
2008-04-30,29.700975
2008-05-01,30.176721999999998
2008-05-02,30.326134000000003
2008-05-05,30.231772999999997
2008-05-06,30.546315999999997
2008-05-07,29.767815000000002
2008-05-08,29.987989000000002
2008-05-09,29.830727000000003
2008-05-12,30.216036
2008-05-13,30.369381
2008-05-14,30.506991999999997
2008-05-15,30.943426000000002
2008-05-16,31.49782
2008-05-19,31.399515
2008-05-20,30.845137
2008-05-21,30.628883000000002
2008-05-22,30.636738
2008-05-23,30.235708000000002
2008-05-27,30.070564
2008-05-28,30.357590000000002
2008-05-29,30.451946000000003
2008-05-30,30.522721999999998
2008-06-02,30.046971999999997
2008-06-03,29.708832
2008-06-04,29.264546999999997
2008-06-05,30.113811
2008-06-06,29.174104999999997
2008-06-09,28.832046999999996
2008-06-10,28.17543
2008-06-11,28.014222999999998
2008-06-12,28.214746
2008-06-13,28.446718
2008-06-16,28.611859999999997
2008-06-17,28.737675
2008-06-18,28.442792999999998
2008-06-19,28.568604999999998
2008-06-20,27.727203000000003
2008-06-23,27.601381
2008-06-24,27.573864
2008-06-25,27.85302
2008-06-26,26.901514000000002
2008-06-27,27.117771
2008-06-30,27.491289000000002
2008-07-01,27.046993
2008-07-02,26.296017
2008-07-03,26.319609000000003
2008-07-07,26.146607999999997
2008-07-08,25.977535
2008-07-09,25.902832
2008-07-10,26.233105
2008-07-11,26.174126
2008-07-14,26.233105
2008-07-15,25.832060000000002
2008-07-16,26.229177000000004
2008-07-17,26.441491999999997
2008-07-18,26.26063
2008-07-21,26.579107
2008-07-22,26.63022
2008-07-23,26.791426
2008-07-24,26.154469
2008-07-25,26.048315
2008-07-28,25.773088
2008-07-29,26.075838
2008-07-30,26.527997999999997
2008-07-31,26.370724
2008-08-01,26.1584
2008-08-04,25.383835
2008-08-05,25.670856
2008-08-06,26.071904999999997
2008-08-07,25.458536
2008-08-08,25.37204
2008-08-11,25.22263
2008-08-12,24.829449
2008-08-13,24.856973999999997
2008-08-14,25.104677
2008-08-15,24.664309
2008-08-18,24.24361
2008-08-19,23.917269
2008-08-20,24.479511
2008-08-21,24.514902
2008-08-22,24.601398
2008-08-25,24.027355
2008-08-26,24.12565
2008-08-27,24.65645
2008-08-28,24.782267
2008-08-29,24.569948
2008-09-02,24.102058
2008-09-03,23.669560999999998
2008-09-04,22.788832
2008-09-05,22.859606
2008-09-08,22.934310999999997
2008-09-09,21.632881
2008-09-10,22.037857000000002
2008-09-11,21.585695
2008-09-12,22.301287
2008-09-15,20.728559
2008-09-16,20.543758
2008-09-17,19.226604000000002
2008-09-18,20.528036
2008-09-19,22.714126999999998
2008-09-22,21.951355
2008-09-23,21.369444
2008-09-24,21.314398
2008-09-25,22.104696
2008-09-26,21.699720000000003
2008-09-29,18.786242
2008-09-30,20.272469
2008-10-01,20.453329
2008-10-02,19.254128
2008-10-03,19.069332
2008-10-06,17.351122
2008-10-07,16.356377
2008-10-08,16.159781
2008-10-09,15.750875
2008-10-10,15.039214999999999
2008-10-13,18.212193
2008-10-14,18.440237
2008-10-15,15.334102
2008-10-16,15.507097
2008-10-17,15.41274
2008-10-20,16.065422
2008-10-21,15.334102
2008-10-22,13.572644
2008-10-23,13.568712
2008-10-24,12.880642
2008-10-27,12.314461999999999
2008-10-28,13.714189999999999
2008-10-29,14.162420000000001
2008-10-30,14.917326000000001
2008-10-31,15.113919000000001
2008-11-03,15.534625
2008-11-04,16.552965
2008-11-05,15.133581
2008-11-06,14.36294
2008-11-07,15.058872000000001
2008-11-10,15.062804000000002
2008-11-11,14.480898000000002
2008-11-12,13.564777
2008-11-13,14.539872
2008-11-14,13.635554
2008-11-17,13.552985999999999
2008-11-18,13.199121
2008-11-19,12.550371
2008-11-20,11.764008
2008-11-21,12.585758
2008-11-24,13.879326999999998
2008-11-25,13.670939
2008-11-26,14.209598000000002
2008-11-28,14.095574
2008-12-01,13.179463
2008-12-02,13.462554999999998
2008-12-03,13.482216000000001
2008-12-04,13.002531
2008-12-05,13.773169000000001
2008-12-08,14.264645000000002
2008-12-09,14.233192
2008-12-10,14.854416
2008-12-11,14.638169
2008-12-12,14.897666000000001
2008-12-15,14.779716
2008-12-16,15.680102
2008-12-17,15.562144
2008-12-18,15.125714000000002
2008-12-19,15.319451999999998
2008-12-22,14.903428
2008-12-23,14.699495
2008-12-24,14.723966
2008-12-26,14.785145000000002
2008-12-29,14.613843
2008-12-30,15.11144
2008-12-31,15.307213
2009-01-02,15.951644
2009-01-05,16.131104999999998
2009-01-06,16.420691
2009-01-07,15.490751999999999
2009-01-08,15.356160000000001
2009-01-09,15.152226999999998
2009-01-12,14.210053
2009-01-13,14.515957
2009-01-14,13.814423999999999
2009-01-15,14.006120000000001
2009-01-16,14.201895
2009-01-20,13.092502
2009-01-21,13.749164000000002
2009-01-22,13.46774
2009-01-23,13.606411999999999
2009-01-26,13.692065
2009-01-27,13.745088
2009-01-28,14.336492999999999
2009-01-29,13.957177
2009-01-30,13.908234
2009-02-02,13.708382
2009-02-03,13.912314000000002
2009-02-04,14.104010999999998
2009-02-05,14.344646
2009-02-06,14.98908
2009-02-09,14.98908
2009-02-10,14.401754
2009-02-11,14.662785999999999
2009-02-12,14.3161
2009-02-13,14.728045000000002
2009-02-17,13.826661999999999
2009-02-18,13.814423999999999
2009-02-19,13.76956
2009-02-20,13.378007
2009-02-23,13.141447
2009-02-24,13.586023
2009-02-25,13.586023
2009-02-26,13.31683
2009-02-27,12.949749
2009-03-02,12.439917
2009-03-03,12.603062
2009-03-04,13.475895999999999
2009-03-05,12.900806
2009-03-06,13.068029
2009-03-09,12.802916999999999
2009-03-10,13.663511999999999
2009-03-11,13.855212
2009-03-12,13.810348000000001
2009-03-13,14.287548999999999
2009-03-16,14.405831
2009-03-17,14.560822
2009-03-18,14.899346
2009-03-19,14.834091
2009-03-20,14.524115
2009-03-23,15.837444
2009-03-24,15.34392
2009-03-25,15.250110999999999
2009-03-26,15.972039
2009-03-27,15.470360999999999
2009-03-30,14.866720999999998
2009-03-31,15.05026
2009-04-01,15.576406
2009-04-02,16.253467999999998
2009-04-03,16.518578
2009-04-06,16.277931
2009-04-07,16.192287
2009-04-08,16.412535000000002
2009-04-09,17.089588
2009-04-13,17.419961999999998
2009-04-14,17.109987
2009-04-15,17.277205
2009-04-16,17.505615
2009-04-17,17.322075
2009-04-20,16.432924
2009-04-21,16.763296
2009-04-22,16.547123000000003
2009-04-23,16.946832999999998
2009-04-24,17.224186
2009-04-27,16.816319
2009-04-28,16.734745
2009-04-29,17.477062
2009-04-30,17.627972
2009-05-01,18.048079
2009-05-04,19.19418
2009-05-05,18.994322
2009-05-06,19.410351000000002
2009-05-07,19.018797
2009-05-08,19.646912
2009-05-11,19.214573
2009-05-12,19.031031
2009-05-13,18.464098
2009-05-14,18.64356
2009-05-15,18.602776000000002
2009-05-18,19.642832000000002
2009-05-19,19.842684
2009-05-20,19.932420999999998
2009-05-21,19.663227
2009-05-22,19.765192000000003
2009-05-26,20.005833
2009-05-27,19.985441
2009-05-28,20.695127
2009-05-29,20.923531
2009-06-01,21.914645999999998
2009-06-02,21.645454
2009-06-03,20.801170000000003
2009-06-04,21.270216
2009-06-05,21.335472
2009-06-08,21.009188
2009-06-09,20.988789
2009-06-10,20.894979
2009-06-11,21.437441
2009-06-12,21.237585
2009-06-15,20.446327
2009-06-16,20.177135
2009-06-17,20.038462
2009-06-18,19.989517000000003
2009-06-19,20.054018
2009-06-22,19.290565
2009-06-23,19.359972
2009-06-24,19.731495000000002
2009-06-25,20.372477
2009-06-26,20.482702
2009-06-29,20.695
2009-06-30,20.433708
2009-07-01,20.7195
2009-07-02,20.282652
2009-07-06,20.164254999999997
2009-07-07,19.625345000000003
2009-07-08,19.164003
2009-07-09,19.625345000000003
2009-07-10,19.433462
2009-07-13,19.617179999999998
2009-07-14,19.580435
2009-07-15,20.76849
2009-07-16,20.707251
2009-07-17,20.939966000000002
2009-07-20,21.597271
2009-07-21,21.576853
2009-07-22,21.556445999999998
2009-07-23,22.213753
2009-07-24,22.09535
2009-07-27,22.319897
2009-07-28,22.177004
2009-07-29,21.858560999999998
2009-07-30,22.258661
2009-07-31,22.426044
2009-08-03,23.103769
2009-08-04,22.997623
2009-08-05,22.817984
2009-08-06,22.642426999999998
2009-08-07,22.707752
2009-08-10,22.548531
2009-08-11,22.250492
2009-08-12,22.438297
2009-08-13,22.834318
2009-08-14,22.479128
2009-08-17,21.474787
2009-08-18,21.866726
2009-08-19,21.801403
2009-08-20,22.209663
2009-08-21,22.552612
2009-08-24,22.638351
2009-08-25,22.564857
2009-08-26,22.536282999999997
2009-08-27,22.524033
2009-08-28,22.552612
2009-08-31,22.042282
2009-09-01,21.76874
2009-09-02,22.083107000000002
2009-09-03,22.372972
2009-09-04,22.887394
2009-09-08,23.332397
2009-09-09,23.528368
2009-09-10,23.683506
2009-09-11,23.724332999999998
2009-09-14,23.622270999999998
2009-09-15,23.891724
2009-09-16,24.459213000000002
2009-09-17,24.30407
2009-09-18,24.402051999999998
2009-09-21,24.075441
2009-09-22,24.532705
2009-09-23,24.189757999999998
2009-09-24,23.70392
2009-09-25,23.805985999999997
2009-09-28,24.083607
2009-09-29,24.042784
2009-09-30,24.255083
2009-10-01,23.720253
2009-10-02,23.695757
2009-10-05,24.210171
2009-10-06,24.557199
2009-10-07,24.495957999999998
2009-10-08,24.842980999999998
2009-10-09,24.985878
2009-10-12,25.275743
2009-10-13,25.328815
2009-10-14,26.100445
2009-10-15,26.153515
2009-10-16,25.80649
2009-10-19,26.071863
2009-10-20,26.002457
2009-10-21,25.863649
2009-10-22,26.108605999999998
2009-10-23,25.798323
2009-10-26,25.430889
2009-10-27,25.124686999999998
2009-10-28,23.940718
2009-10-29,25.002209
2009-10-30,23.838648000000003
2009-11-02,24.083607
2009-11-03,24.059113
2009-11-04,24.610271
2009-11-05,25.022621
2009-11-06,25.063446
2009-11-09,25.900389
2009-11-10,25.728922
2009-11-11,25.953466
2009-11-12,25.324738
2009-11-13,25.671766
2009-11-16,26.33724
2009-11-17,26.047363
2009-11-18,25.733002
2009-11-19,25.492123
2009-11-20,25.439054000000002
2009-11-23,25.847319
2009-11-24,25.741167
2009-11-25,26.108605999999998
2009-11-27,25.190008
2009-11-30,25.483960999999997
2009-12-01,26.120853
2009-12-02,26.239252
2009-12-03,25.933054000000002
2009-12-04,26.178017
2009-12-07,25.957546
2009-12-08,25.508459
2009-12-09,25.712589
2009-12-10,25.753412
2009-12-11,25.896307
2009-12-14,26.035122
2009-12-15,25.88406
2009-12-16,26.039202
2009-12-17,25.418633
2009-12-18,25.466314
2009-12-21,25.519732
2009-12-22,25.622467
2009-12-23,25.918346
2009-12-24,26.127928
2009-12-28,26.230671
2009-12-29,26.296419
2009-12-30,26.370386
2009-12-31,26.386824
2010-01-04,27.134745000000002
2010-01-05,27.348442
2010-01-06,27.562126
2010-01-07,27.340219
2010-01-08,27.492272999999997
2010-01-11,27.438843
2010-01-12,27.073107
2010-01-13,27.204604999999997
2010-01-14,27.171734000000004
2010-01-15,26.888178000000003
2010-01-19,27.073107
2010-01-20,26.555311
2010-01-21,25.601921
2010-01-22,25.034815
2010-01-25,25.293713
2010-01-26,24.817013
2010-01-27,24.689623
2010-01-28,24.706055
2010-01-29,24.414289
2010-02-01,24.932081
2010-02-02,25.330694
2010-02-03,25.285488
2010-02-04,24.147175
2010-02-05,23.78554
2010-02-08,23.534861
2010-02-09,24.212925
2010-02-10,24.217031
2010-02-11,24.710169
2010-02-12,24.393738
2010-02-16,25.063581
2010-02-17,25.092351999999998
2010-02-18,25.293713
2010-02-19,25.05125
2010-02-22,25.084131
2010-02-23,24.599215
2010-02-24,24.771809
2010-02-25,24.644417
2010-02-26,24.969061
2010-03-01,25.449869
2010-03-02,25.597815
2010-03-03,25.807394
2010-03-04,25.622467
2010-03-05,26.226559
2010-03-08,26.333401000000002
2010-03-09,26.362165
2010-03-10,26.497778000000004
2010-03-11,26.362165
2010-03-12,26.43614
2010-03-15,26.222446
2010-03-16,26.567642
2010-03-17,26.86763
2010-03-18,26.707359000000004
2010-03-19,26.399153000000002
2010-03-22,26.47723
2010-03-23,26.666271000000002
2010-03-24,26.399153000000002
2010-03-25,26.238884000000002
2010-03-26,26.390934
2010-03-29,26.822426
2010-03-30,27.003241
2010-03-31,26.990915
2010-04-01,27.463504999999998
2010-04-05,27.870337
2010-04-06,27.899109000000003
2010-04-07,27.697740999999997
2010-04-08,27.722403000000003
2010-04-09,27.903215000000003
2010-04-12,27.829248
2010-04-13,27.668976
2010-04-14,28.112796999999997
2010-04-15,28.030604999999998
2010-04-16,27.340219
2010-04-19,27.167621999999998
2010-04-20,27.479940000000003
2010-04-21,27.352545000000003
2010-04-22,27.426515999999996
2010-04-23,27.599121000000004
2010-04-26,27.660759000000002
2010-04-27,26.674490000000002
2010-04-28,26.842976
2010-04-29,27.278576
2010-04-30,26.953928
2010-05-03,27.068997999999997
2010-05-04,25.984098
2010-05-05,25.474525
2010-05-06,24.484148
2010-05-07,24.521133
2010-05-10,26.271760999999998
2010-05-11,25.901913
2010-05-12,26.099165
2010-05-13,25.943003
2010-05-14,25.281384
2010-05-17,25.244398
2010-05-18,24.796469000000002
2010-05-19,24.471819
2010-05-20,23.391035000000002
2010-05-21,23.855398
2010-05-24,24.044435999999997
2010-05-25,23.588285
2010-05-26,23.900602
2010-05-27,24.973173000000003
2010-05-28,24.800575
2010-06-01,24.299217000000002
2010-06-02,24.973173000000003
2010-06-03,24.94441
2010-06-04,24.163607
2010-06-07,23.760881
2010-06-08,24.237579
2010-06-09,24.093748
2010-06-10,24.969061
2010-06-11,24.886875
2010-06-14,24.977283
2010-06-15,25.737532
2010-06-16,25.729315
2010-06-17,25.503294
2010-06-18,25.693926
2010-06-21,25.905279
2010-06-22,25.635904
2010-06-23,25.735367
2010-06-24,25.354101
2010-06-25,25.58618
2010-06-28,25.553026000000003
2010-06-29,24.516979
2010-06-30,24.334637
2010-07-01,24.492113
2010-07-02,24.740765
2010-07-06,25.04743
2010-07-07,25.611042
2010-07-08,25.689781
2010-07-09,25.913567
2010-07-12,25.764376000000002
2010-07-13,25.975729
2010-07-14,26.025458999999998
2010-07-15,25.664915
2010-07-16,25.291939000000003
2010-07-19,25.519867
2010-07-20,26.087626
2010-07-21,25.8887
2010-07-22,26.576636999999998
2010-07-23,26.634651
2010-07-26,26.825284999999997
2010-07-27,26.787989000000003
2010-07-28,26.680234999999996
2010-07-29,26.800423
2010-07-30,26.837719
2010-08-02,27.554659
2010-08-03,27.384748
2010-08-04,27.471777000000003
2010-08-05,27.380606
2010-08-06,27.301866999999998
2010-08-09,27.521507
2010-08-10,27.136105
2010-08-11,26.319698
2010-08-12,26.402578000000002
2010-08-13,26.481319
2010-08-16,26.721682
2010-08-17,26.978621999999998
2010-08-18,27.007628999999998
2010-08-19,26.671955
2010-08-20,26.551766999999998
2010-08-23,26.4606
2010-08-24,26.091768
2010-08-25,25.967438
2010-08-26,25.834826
2010-08-27,26.30312
2010-08-30,25.942574
2010-08-31,26.0669
2010-09-01,26.816997999999998
2010-09-02,26.966188
2010-09-03,27.210696999999996
2010-09-07,26.883309999999998
2010-09-08,27.189978000000004
2010-09-09,27.256281
2010-09-10,27.372315999999998
2010-09-13,27.973225
2010-09-14,28.002235
2010-09-15,28.002235
2010-09-16,27.902773
2010-09-17,27.795022999999997
2010-09-20,28.238455
2010-09-21,28.201151
2010-09-22,28.238455
2010-09-23,28.068540999999996
2010-09-24,28.536831
2010-09-27,28.57827
2010-09-28,28.826922999999997
2010-09-29,28.889088
2010-09-30,28.959538000000002
2010-10-01,29.436125
2010-10-04,29.311802
2010-10-05,29.871261999999998
2010-10-06,29.813240000000004
2010-10-07,29.593601
2010-10-08,29.817384999999998
2010-10-11,29.875404
2010-10-12,29.784233
2010-10-13,30.405863
2010-10-14,30.248375
2010-10-15,30.202795000000002
2010-10-18,30.211084000000003
2010-10-19,29.386395
2010-10-20,29.858831
2010-10-21,29.846395
2010-10-22,29.842246999999997
2010-10-25,30.202795000000002
2010-10-26,30.165499
2010-10-27,29.672334999999997
2010-10-28,29.904413
2010-10-29,30.037033
2010-11-01,30.194509999999998
2010-11-02,30.588203000000004
2010-11-03,30.840994
2010-11-04,31.512354
2010-11-05,31.512354
2010-11-08,31.408752000000003
2010-11-09,31.073074
2010-11-10,31.288567999999998
2010-11-11,30.948748
2010-11-12,30.360273
2010-11-15,30.289820000000002
2010-11-16,29.577021000000002
2010-11-17,29.717921999999998
2010-11-18,30.281538
2010-11-19,30.314686
2010-11-22,30.182076000000002
2010-11-23,29.315941
2010-11-24,29.858831
2010-11-26,29.365669
2010-11-29,29.469275
2010-11-30,29.349090999999998
2010-12-01,30.061891999999997
2010-12-02,30.646219
2010-12-03,30.73325
2010-12-06,30.729107
2010-12-07,30.55505
2010-12-08,30.426584000000002
2010-12-09,30.331263
2010-12-10,30.45145
2010-12-13,30.650362
2010-12-14,30.683521000000002
2010-12-15,30.248375
2010-12-16,30.285677000000003
2010-12-17,30.426835999999998
2010-12-20,30.296211
2010-12-21,30.692296999999996
2010-12-22,30.776577000000003
2010-12-23,30.780781
2010-12-27,30.726005999999998
2010-12-28,30.726005999999998
2010-12-29,31.037819
2010-12-30,31.172646999999998
2010-12-31,31.336990000000004
2011-01-03,31.657223
2011-01-04,31.79628
2011-01-05,31.636162
2011-01-06,31.400184999999997
2011-01-07,31.105240000000002
2011-01-10,30.860836
2011-01-11,31.11788
2011-01-12,31.674072
2011-01-13,31.471821000000002
2011-01-14,31.522388
2011-01-18,31.522388
2011-01-19,31.269575
2011-01-20,30.839772999999997
2011-01-21,30.62487
2011-01-24,30.789207
2011-01-25,30.692296999999996
2011-01-26,30.843988
2011-01-27,30.759714000000002
2011-01-28,29.879065
2011-01-31,30.098169
2011-02-01,30.742851
2011-02-02,30.713358000000003
2011-02-03,30.68808
2011-02-04,30.62487
2011-02-07,30.658588
2011-02-08,30.532181
2011-02-09,30.009686
2011-02-10,29.752645
2011-02-11,30.034964000000002
2011-02-14,29.997046
2011-02-15,29.988615000000003
2011-02-16,30.300434000000003
2011-02-17,30.418415000000003
2011-02-18,30.464762
2011-02-22,29.697878000000003
2011-02-23,29.740009000000004
2011-02-24,29.782140999999996
2011-02-25,30.140306
2011-02-28,30.270926
2011-03-01,30.123453
2011-03-02,30.325701000000002
2011-03-03,30.822917999999998
2011-03-04,30.768139
2011-03-07,30.494253000000004
2011-03-08,30.881914000000002
2011-03-09,30.907187
2011-03-10,30.127668
2011-03-11,30.300434000000003
2011-03-14,30.51111
2011-03-15,29.938057
2011-03-16,29.327068
2011-03-17,29.689445000000003
2011-03-18,29.714725
2011-03-21,30.220371000000004
2011-03-22,30.279356
2011-03-23,30.717581
2011-03-24,30.936684000000003
2011-03-25,30.924053000000004
2011-03-28,30.865053000000003
2011-03-29,31.075743
2011-03-30,31.467610999999998
2011-03-31,31.728859000000003
2011-04-01,32.082798
2011-04-04,32.436752
2011-04-05,32.453609
2011-04-06,32.731705
2011-04-07,32.630584999999996
2011-04-08,32.643215000000005
2011-04-11,32.39883
2011-04-12,31.829987
2011-04-13,31.943759999999997
2011-04-14,31.947968
2011-04-15,32.00695
2011-04-18,31.429686
2011-04-19,31.766775
2011-04-20,32.436752
2011-04-21,32.706429
2011-04-25,32.588440000000006
2011-04-26,32.756989000000004
2011-04-27,32.756989000000004
2011-04-28,32.567371
2011-04-29,32.765423
2011-05-02,32.78648
2011-05-03,32.011165999999996
2011-05-04,31.412840000000003
2011-05-05,30.970402000000004
2011-05-06,31.412840000000003
2011-05-09,31.623518
2011-05-10,31.851051000000002
2011-05-11,31.244278
2011-05-12,31.341203999999998
2011-05-13,30.843988
2011-05-16,30.553240000000002
2011-05-17,30.608027000000003
2011-05-18,30.949329
2011-05-19,30.797635999999997
2011-05-20,30.717581
2011-05-23,30.081324
2011-05-24,30.321493
2011-05-25,30.464762
2011-05-26,30.717581
2011-05-27,31.067312
2011-05-31,31.598232
2011-06-01,31.079947999999998
2011-06-02,31.374909999999996
2011-06-03,31.32435
2011-06-06,30.949329
2011-06-07,31.151587
2011-06-08,30.987246999999996
2011-06-09,31.151587
2011-06-10,30.498468
2011-06-13,30.372057
2011-06-14,30.730219
2011-06-15,30.199296999999998
2011-06-16,30.005465
2011-06-17,29.894996999999996
2011-06-20,29.89925
2011-06-21,30.400615999999996
2011-06-22,30.243408000000002
2011-06-23,30.009715999999997
2011-06-24,29.996965000000003
2011-06-27,30.132938
2011-06-28,30.587560999999997
2011-06-29,30.880728
2011-06-30,31.156912
2011-07-01,31.509571
2011-07-05,31.539307
2011-07-06,31.343863
2011-07-07,31.768744
2011-07-08,31.365109999999998
2011-07-11,30.647053000000003
2011-07-12,30.328375
2011-07-13,30.651290999999997
2011-07-14,30.519583
2011-07-15,30.634303999999997
2011-07-18,30.281646999999996
2011-07-19,30.757524
2011-07-20,30.795761
2011-07-21,31.216393
2011-07-22,31.254631
2011-07-25,31.22065
2011-07-26,31.280128
2011-07-27,30.91048
2011-07-28,30.855244
2011-07-29,30.982708000000002
2011-08-01,30.940217999999998
2011-08-02,30.145678000000004
2011-08-03,30.149933
2011-08-04,28.471636
2011-08-05,28.637334999999997
2011-08-08,26.126261
2011-08-09,26.648870000000002
2011-08-10,26.313206
2011-08-11,27.443403000000004
2011-08-12,27.392418
2011-08-15,28.140221
2011-08-16,27.677090000000003
2011-08-17,28.033996999999996
2011-08-18,26.580885
2011-08-19,26.504409999999996
2011-08-22,26.555393
2011-08-23,27.307440000000003
2011-08-24,27.252203
2011-08-25,26.695606
2011-08-26,27.145984999999996
2011-08-29,27.876790999999997
2011-08-30,28.110481
2011-08-31,28.4079
2011-09-01,28.463131
2011-09-02,27.830051
2011-09-06,27.549625
2011-09-07,28.212452000000003
2011-09-08,27.753576000000002
2011-09-09,26.946284999999996
2011-09-12,26.725348999999998
2011-09-13,26.793328999999996
2011-09-14,26.746595000000003
2011-09-15,26.967534999999998
2011-09-16,27.010019
2011-09-19,26.495911
2011-09-20,26.126261
2011-09-21,25.446442
2011-09-22,23.717154999999998
2011-09-23,23.950842
2011-09-26,24.307747
2011-09-27,24.983310999999997
2011-09-28,24.452206
2011-09-29,24.634907000000002
2011-09-30,23.895607000000002
2011-10-03,23.177544
2011-10-04,23.34325
2011-10-05,23.746895000000002
2011-10-06,24.345985
2011-10-07,24.345985
2011-10-10,25.115028
2011-10-11,25.284986
2011-10-12,25.973295
2011-10-13,25.722620000000003
2011-10-14,26.117762
2011-10-17,25.357218
2011-10-18,25.803342999999998
2011-10-19,25.603647
2011-10-20,25.127773
2011-10-21,25.692875
2011-10-24,26.606379999999998
2011-10-25,26.296211
2011-10-26,26.602131
2011-10-27,28.131718
2011-10-28,27.915029999999998
2011-10-31,27.133236
2011-11-01,26.398184000000004
2011-11-02,27.09075
2011-11-03,27.417912
2011-11-04,27.307440000000003
2011-11-07,27.511383000000002
2011-11-08,27.71958
2011-11-09,26.398184000000004
2011-11-10,26.75934
2011-11-11,27.260706
2011-11-14,27.02277
2011-11-15,27.039762
2011-11-16,26.432175
2011-11-17,26.011538
2011-11-18,25.837335999999997
2011-11-21,25.170263000000002
2011-11-22,25.178760999999998
2011-11-23,24.337484
2011-11-25,24.21002
2011-11-28,25.144773
2011-11-29,25.22975
2011-11-30,26.534149
2011-12-01,26.41943
2011-12-02,26.359945
2011-12-05,26.648870000000002
2011-12-06,26.355697999999997
2011-12-07,26.466169
2011-12-08,25.603647
2011-12-09,25.943558
2011-12-12,25.055542000000003
2011-12-13,24.90683
2011-12-14,24.588169
2011-12-15,24.741129
2011-12-16,24.9846
2011-12-19,24.391189999999998
2011-12-20,25.290039
2011-12-21,25.342403
2011-12-22,25.460210999999997
2011-12-23,25.582382
2011-12-27,25.556202
2011-12-28,25.115505
2011-12-29,25.390398
2011-12-30,25.399122
2012-01-03,26.092897
2012-01-04,26.049263
2012-01-05,25.983816
2012-01-06,25.800552
2012-01-09,26.040541
2012-01-10,26.520508000000003
2012-01-11,26.603410999999998
2012-01-12,26.642683
2012-01-13,26.485601000000003
2012-01-17,26.843395
2012-01-18,27.537171999999998
2012-01-19,27.768427000000003
2012-01-20,27.694253999999997
2012-01-23,27.825151
2012-01-24,27.903694
2012-01-25,28.060771999999996
2012-01-26,28.235306
2012-01-27,28.44039
2012-01-30,27.956051000000002
2012-01-31,28.305126
2012-02-01,28.754549
2012-02-02,29.029438
2012-02-03,29.435238000000002
2012-02-06,29.177791999999997
2012-02-07,29.391598
2012-02-08,29.98065
2012-02-09,29.526863
2012-02-10,28.942172999999997
2012-02-13,29.356690999999998
2012-02-14,29.155975
2012-02-15,29.073071999999996
2012-02-16,29.339235
2012-02-17,29.553040999999997
2012-02-21,29.4396
2012-02-22,29.448326
2012-02-23,29.513772999999997
2012-02-24,29.662129999999998
2012-02-27,29.592312
2012-02-28,29.801758000000003
2012-02-29,29.906475
2012-03-01,30.019924
2012-03-02,29.954471999999996
2012-03-05,29.605406
2012-03-06,28.619284000000004
2012-03-07,28.972717
2012-03-08,29.509409
2012-03-09,29.500683000000002
2012-03-12,29.265059
2012-03-13,30.050463
2012-03-14,29.491954999999997
2012-03-15,29.683943
2012-03-16,29.561769
2012-03-19,29.544311999999998
2012-03-20,29.046892
2012-03-21,29.011984
2012-03-22,28.623646
2012-03-23,28.920354999999997
2012-03-26,29.260690999999998
2012-03-27,29.212698
2012-03-28,28.828726
2012-03-29,28.619284000000004
2012-03-30,28.850540000000002
2012-04-02,29.208338
2012-04-03,28.985803999999998
2012-04-04,28.566925
2012-04-05,28.649829999999998
2012-04-09,28.222217999999998
2012-04-10,27.846970000000002
2012-04-11,28.004051
2012-04-12,28.715277
2012-04-13,28.374933000000002
2012-04-16,28.296391999999997
2012-04-17,28.510195
2012-04-18,28.331303000000002
2012-04-19,28.348761
2012-04-20,28.466564
2012-04-23,28.052052000000003
2012-04-24,28.012775
2012-04-25,28.257123999999997
2012-04-26,28.322577000000003
2012-04-27,28.449112
2012-04-30,28.340027000000003
2012-05-01,28.710909
2012-05-02,28.479653999999996
2012-05-03,28.248397999999998
2012-05-04,27.746613
2012-05-07,27.825151
2012-05-08,27.375727
2012-05-09,26.991751
2012-05-10,27.044107
2012-05-11,26.900121999999996
2012-05-14,26.114712
2012-05-15,25.948906
2012-05-16,25.634743
2012-05-17,25.176594
2012-05-18,25.076237
2012-05-21,25.626017
2012-05-22,25.35985
2012-05-23,25.180954
2012-05-24,25.084963000000002
2012-05-25,24.988966
2012-05-29,25.525658
2012-05-30,25.111141
2012-05-31,25.202768
2012-06-01,24.530815
2012-06-04,24.670443
2012-06-05,24.674807
2012-06-06,25.290039
2012-06-07,25.678375
2012-06-08,25.35985
2012-06-11,25.054417
2012-06-12,25.499479
2012-06-13,25.442759
2012-06-14,25.569295999999998
2012-06-15,25.957867
2012-06-18,26.015142
2012-06-19,26.495354
2012-06-20,26.438084000000003
2012-06-21,25.517311
2012-06-22,25.667097000000002
2012-06-25,25.208916000000002
2012-06-26,25.473248
2012-06-27,25.675909
2012-06-28,25.402760999999998
2012-06-29,26.477732
2012-07-02,26.451297999999998
2012-07-03,26.918293
2012-07-05,26.812559000000004
2012-07-06,26.438084000000003
2012-07-09,26.222209999999997
2012-07-10,26.032768
2012-07-11,26.09885
2012-07-12,25.764021
2012-07-13,26.173748
2012-07-16,25.99752
2012-07-17,26.323535999999997
2012-07-18,26.301503999999998
2012-07-19,26.486542
2012-07-20,26.103251999999998
2012-07-23,25.521713000000002
2012-07-24,25.407167
2012-07-25,25.433601
2012-07-26,25.922626
2012-07-27,26.715637
2012-07-30,26.557032
2012-07-31,26.380808000000002
2012-08-01,26.424864000000003
2012-08-02,26.09885
2012-08-03,26.825772999999998
2012-08-06,27.125355
2012-08-07,27.16501
2012-08-08,27.173820000000003
2012-08-09,27.266336
2012-08-10,27.345636
2012-08-13,27.138575
2012-08-14,27.076897
2012-08-15,27.235498
2012-08-16,27.328015999999998
2012-08-17,27.156198999999997
2012-08-20,27.134165000000003
2012-08-21,27.107737
2012-08-22,27.129761
2012-08-23,26.962346999999998
2012-08-24,27.006403000000002
2012-08-27,26.786125
2012-08-28,26.715637
2012-08-29,26.574657000000002
2012-08-30,26.31032
2012-08-31,26.579062
2012-09-04,26.526191999999998
2012-09-05,26.446892
2012-09-06,27.085707
2012-09-07,27.411718
2012-09-10,27.160603000000002
2012-09-11,27.442562
2012-09-12,27.535078000000002
2012-09-13,28.147457
2012-09-14,28.499912
2012-09-17,28.358931
2012-09-18,28.323687
2012-09-19,28.222353000000002
2012-09-20,28.085777
2012-09-21,28.138648999999997
2012-09-24,28.076967
2012-09-25,27.847878
2012-09-26,27.698088000000002
2012-09-27,28.112216999999998
2012-09-28,27.958015000000003
2012-10-01,28.147457
2012-10-02,28.200327
2012-10-03,28.112216999999998
2012-10-04,28.301657000000002
2012-10-05,28.222353000000002
2012-10-08,27.984448999999998
2012-10-09,27.733334999999997
2012-10-10,27.627598
2012-10-11,27.922771
2012-10-12,27.944798
2012-10-15,28.019696999999997
2012-10-16,28.279633
2012-10-17,28.508716999999997
2012-10-18,28.416203999999997
2012-10-19,28.103405
2012-10-22,28.275222999999997
2012-10-23,27.77298
2012-10-24,27.949207
2012-10-25,28.072561
2012-10-26,27.834659999999996
2012-10-31,27.74655
2012-11-01,28.187110999999998
2012-11-02,27.944798
2012-11-05,28.173896999999997
2012-11-06,28.407390999999997
2012-11-07,27.922771
2012-11-08,27.658436
2012-11-09,27.777390000000004
2012-11-12,27.777390000000004
2012-11-13,27.521862
2012-11-14,27.112140999999998
2012-11-15,27.090115
2012-11-16,27.151792999999998
2012-11-19,27.561512
2012-11-20,27.495426000000002
2012-11-21,27.513052000000002
2012-11-23,27.949207
2012-11-26,27.966828999999997
2012-11-27,27.825851
2012-11-28,27.874311
2012-11-29,28.094593
2012-11-30,28.160675
2012-12-03,28.169489000000002
2012-12-04,28.169489000000002
2012-12-05,28.425010999999998
2012-12-06,28.58802
2012-12-07,28.662912
2012-12-10,28.865571999999997
2012-12-11,28.980118
2012-12-12,29.125502
2012-12-13,28.944874
2012-12-14,28.984528000000005
2012-12-17,29.112285999999997
2012-12-18,29.389843
2012-12-19,29.350195000000003
2012-12-20,29.517605
2012-12-21,29.186432
2012-12-24,29.150768
2012-12-26,29.391464000000003
2012-12-27,29.480612
2012-12-28,29.485069
2012-12-31,29.962
2013-01-02,30.479046000000004
2013-01-03,30.421101
2013-01-04,30.465675
2013-01-07,30.274006
2013-01-08,29.9932
2013-01-09,30.251726
2013-01-10,30.52808
2013-01-11,30.323041999999997
2013-01-14,30.465675
2013-01-15,30.282921
2013-01-16,30.309665999999996
2013-01-17,30.45676
2013-01-18,30.541446999999998
2013-01-22,30.510247999999997
2013-01-23,30.327499
2013-01-24,30.327499
2013-01-25,30.309665999999996
2013-01-28,30.171494
2013-01-29,30.470125
2013-01-30,30.238352000000003
2013-01-31,30.336411
2013-02-01,30.554819000000002
2013-02-04,30.095715999999996
2013-02-05,30.211615000000002
2013-02-06,30.126915000000004
2013-02-07,30.002111
2013-02-08,30.118008000000003
2013-02-11,30.095715999999996
2013-02-12,30.113544
2013-02-13,30.207146
2013-02-14,30.126915000000004
2013-02-15,30.006569
2013-02-19,30.149202000000002
2013-02-20,29.761414000000002
2013-02-21,29.467236
2013-02-22,29.60541
2013-02-25,29.226542
2013-02-26,29.400378999999997
2013-02-27,29.690105
2013-02-28,29.498438
2013-03-01,29.58313
2013-03-04,29.431578000000002
2013-03-05,29.623243
2013-03-06,29.828278000000005
2013-03-07,29.917427000000004
2013-03-08,30.158121
2013-03-11,30.024399
2013-03-12,29.734674
2013-03-13,29.458321
2013-03-14,29.543009
2013-03-15,29.346885999999998
2013-03-18,29.088369
2013-03-19,28.807554
2013-03-20,28.99922
2013-03-21,28.740694
2013-03-22,28.785271
2013-03-25,28.705038000000002
2013-03-26,29.066078000000005
2013-03-27,29.141855
2013-03-28,29.106196999999998
2013-04-01,28.950186
2013-04-02,29.070538
2013-04-03,28.687209999999997
2013-04-04,28.731779
2013-04-05,28.740694
2013-04-08,28.71841
2013-04-09,28.869959
2013-04-10,29.244373
2013-04-11,29.186432
2013-04-12,28.972477
2013-04-15,28.134502
2013-04-16,28.678290999999998
2013-04-17,28.232563
2013-04-18,28.299421000000002
2013-04-19,28.767443
2013-04-22,28.785271
2013-04-23,28.883331
2013-04-24,29.101740000000003
2013-04-25,29.173052000000002
2013-04-26,29.003675
2013-04-29,29.288946000000003
2013-04-30,29.507351
2013-05-01,29.257744
2013-05-02,29.498438
2013-05-03,29.712387
2013-05-06,29.788162
2013-05-07,30.019939
2013-05-08,30.300753000000004
2013-05-09,30.077892
2013-05-10,30.064518
2013-05-13,29.801533000000003
2013-05-14,29.877309999999998
2013-05-15,29.881763
2013-05-16,29.756964
2013-05-17,29.917427000000004
2013-05-20,30.046685999999998
2013-05-21,30.055599
2013-05-22,29.667814
2013-05-23,29.409294
2013-05-24,29.217632000000002
2013-05-28,29.476149
2013-05-29,29.083909999999996
2013-05-30,29.066078000000005
2013-05-31,28.508916999999997
2013-06-03,28.75853
2013-06-04,28.57132
2013-06-05,28.085471999999996
2013-06-06,28.201365000000003
2013-06-07,28.201365000000003
2013-06-10,27.867065000000004
2013-06-11,27.318815
2013-06-12,27.131611
2013-06-13,27.47928
2013-06-14,27.180643
2013-06-17,27.461451
2013-06-18,27.425789
2013-06-19,26.837427
2013-06-20,25.553726
2013-06-21,26.061031
2013-06-24,25.455696
2013-06-25,26.006823
2013-06-26,26.304973999999998
2013-06-27,26.842547999999997
2013-06-28,26.928375
2013-07-01,27.113591999999997
2013-07-02,26.661852000000003
2013-07-03,26.585054
2013-07-05,26.341112
2013-07-08,26.332077
2013-07-09,26.535359999999997
2013-07-10,26.603122999999997
2013-07-11,27.538228999999998
2013-07-12,27.353018
2013-07-15,27.718927
2013-07-16,27.700857
2013-07-17,27.931247999999997
2013-07-18,27.750553000000004
2013-07-19,27.642132
2013-07-22,27.877036999999998
2013-07-23,28.175188000000002
2013-07-24,27.863487
2013-07-25,28.048703999999997
2013-07-26,27.967384000000003
2013-07-29,27.687307
2013-07-30,27.533712
2013-07-31,27.560817999999998
2013-08-01,28.057732
2013-08-02,27.962865999999998
2013-08-05,27.831863000000002
2013-08-06,27.533712
2013-08-07,27.285255
2013-08-08,27.741512
2013-08-09,27.858969000000002
2013-08-12,27.994491999999997
2013-08-13,28.238432
2013-08-14,28.206808000000002
2013-08-15,27.940281
2013-08-16,27.637615000000004
2013-08-19,27.24008
2013-08-20,27.194908
2013-08-21,26.61216
2013-08-22,26.964517999999998
2013-08-23,27.217496999999998
2013-08-26,26.964517999999998
2013-08-27,26.286904999999997
2013-08-28,26.124275
2013-08-29,26.350149
2013-08-30,26.571499
2013-09-03,26.616676000000002
2013-09-04,26.996140999999998
2013-09-05,27.312359000000004
2013-09-06,27.773135999999997
2013-09-09,28.328778999999997
2013-09-10,28.626928000000003
2013-09-11,28.577236
2013-09-12,28.315228
2013-09-13,28.486890999999996
2013-09-16,28.757935999999997
2013-09-17,28.757935999999997
2013-09-18,29.905357000000002
2013-09-19,29.652388000000002
2013-09-20,29.092226
2013-09-23,29.223232
2013-09-24,29.200644
2013-09-25,29.092226
2013-09-26,29.078671999999997
2013-09-27,28.748903000000002
2013-09-30,28.518513000000002
2013-10-01,28.997358000000002
2013-10-02,29.04705
2013-10-03,29.051565000000004
2013-10-04,29.399406
2013-10-07,29.141918
2013-10-08,28.943147999999997
2013-10-09,29.150951
2013-10-10,29.733704
2013-10-11,29.887295
2013-10-14,29.923433000000003
2013-10-15,29.742733
2013-10-16,29.869221000000003
2013-10-17,30.108644
2013-10-18,30.212546999999997
2013-10-21,30.212546999999997
2013-10-22,30.42938
2013-10-23,29.783394
2013-10-24,29.787909999999997
2013-10-25,29.92795
2013-10-28,30.009265999999997
2013-10-29,30.081537
2013-10-30,30.009265999999997
2013-10-31,29.778872999999997
2013-11-01,29.751771999999995
2013-11-04,29.855665000000002
2013-11-05,29.300028
2013-11-06,29.417479999999998
2013-11-07,28.807629
2013-11-08,28.780519
2013-11-11,28.803109999999997
2013-11-12,28.441713
2013-11-13,28.635966999999997
2013-11-14,28.96122
2013-11-15,29.50783
2013-11-18,29.724663
2013-11-19,29.417479999999998
2013-11-20,29.096740999999998
2013-11-21,29.119328000000003
2013-11-22,29.322618
2013-11-25,28.902494
2013-11-26,28.997358000000002
2013-11-27,29.092226
2013-11-29,29.385857
2013-12-02,28.884424
2013-12-03,28.762453000000004
2013-12-04,28.730833
2013-12-05,28.690174
2013-12-06,29.218714000000002
2013-12-09,29.250334000000002
2013-12-10,29.272921000000004
2013-12-11,28.67662
2013-12-12,28.486890999999996
2013-12-13,28.527548
2013-12-16,28.76697
2013-12-17,28.486890999999996
2013-12-18,28.902494
2013-12-19,28.67662
2013-12-20,28.540539000000003
2013-12-23,28.718039
2013-12-24,28.922842
2013-12-26,28.982006
2013-12-27,29.027519
2013-12-30,29.195915000000003
2013-12-31,29.428026000000003
2014-01-02,28.667973999999997
2014-01-03,28.435865000000003
2014-01-06,28.258369000000002
2014-01-07,28.381248
2014-01-08,28.303879
2014-01-09,28.094524
2014-01-10,28.376697999999998
2014-01-13,27.998953000000004
2014-01-14,28.526888
2014-01-15,28.45862
2014-01-16,28.244715000000003
2014-01-17,28.017151000000002
2014-01-21,28.094524
2014-01-22,28.522334999999998
2014-01-23,27.853312
2014-01-24,27.28896
2014-01-27,26.911213
2014-01-28,27.197937
2014-01-29,26.806538
2014-01-30,27.061401
2014-01-31,27.070504999999997
2014-02-03,26.142059
2014-02-04,26.669998
2014-02-05,26.770124
2014-02-06,27.079609
2014-02-07,27.384536999999998
2014-02-10,27.029545000000002
2014-02-11,27.584789
2014-02-12,27.548378000000003
2014-02-13,27.630302
2014-02-14,27.994397999999997
2014-02-18,27.930683000000002
2014-02-19,27.694017
2014-02-20,27.803247
2014-02-21,27.935234
2014-02-24,28.026259999999997
2014-02-25,27.50742
2014-02-26,27.634854999999998
2014-02-27,27.971642
2014-02-28,27.821451
2014-03-03,27.602995
2014-03-04,27.939781
2014-03-05,27.935234
2014-03-06,28.221956
2014-03-07,27.998953000000004
2014-03-10,27.757735999999998
2014-03-11,27.493765000000003
2014-03-12,27.630302
2014-03-13,27.170633000000002
2014-03-14,27.298067
2014-03-17,27.534729
2014-03-18,27.939781
2014-03-19,27.484663
2014-03-20,27.50742
2014-03-21,27.639402
2014-03-24,27.857862
2014-03-25,28.108172999999997
2014-03-26,28.053564
2014-03-27,28.385801
2014-03-28,28.586053999999997
2014-03-31,28.840918
2014-04-01,29.082132
2014-04-02,29.245977000000003
2014-04-03,29.022968
2014-04-04,29.027519
2014-04-07,29.03207
2014-04-08,29.391615
2014-04-09,29.610071
2014-04-10,29.478084999999997
2014-04-11,29.368858000000003
2014-04-14,29.309694
2014-04-15,29.109438
2014-04-16,29.368858000000003
2014-04-17,29.646482000000002
2014-04-21,29.509945000000002
2014-04-22,29.382509000000002
2014-04-23,29.245977000000003
2014-04-24,29.200464
2014-04-25,28.836369
2014-04-28,28.968353000000004
2014-04-29,29.332447
2014-04-30,29.045725
2014-05-01,29.118544
2014-05-02,29.382509000000002
2014-05-05,29.200464
2014-05-06,29.368858000000003
2014-05-07,29.45533
2014-05-08,29.400716999999997
2014-05-09,29.428026000000003
2014-05-12,29.82398
2014-05-13,29.883144
2014-05-14,30.042437
2014-05-15,29.837633
2014-05-16,30.16987
2014-05-19,30.188072
2014-05-20,29.974171000000002
2014-05-21,30.238135999999997
2014-05-22,30.379227
2014-05-23,30.433840000000004
2014-05-27,30.138012
2014-05-28,30.342809999999997
2014-05-29,30.383776
2014-05-30,29.987821999999998
2014-06-02,30.110704
2014-06-03,30.342809999999997
2014-06-04,30.16987
2014-06-05,30.39743
2014-06-06,30.702362
2014-06-09,30.970882
2014-06-10,30.99819
2014-06-11,31.011845
2014-06-12,30.807037
2014-06-13,30.852549
2014-06-16,30.756977000000003
2014-06-17,30.688702000000003
2014-06-18,31.011845
2014-06-19,30.920813
2014-06-20,30.904753000000003
2014-06-23,30.872637
2014-06-24,30.904753000000003
2014-06-25,30.854279
2014-06-26,31.001114
2014-06-27,30.959823999999998
2014-06-30,31.037827000000004
2014-07-01,31.203018
2014-07-02,31.381978999999998
2014-07-03,31.638945
2014-07-07,31.643532
2014-07-08,31.478340000000003
2014-07-09,31.735308000000003
2014-07-10,31.528812
2014-07-11,31.473751
2014-07-14,31.69401
2014-07-15,31.753659999999996
2014-07-16,31.772013
2014-07-17,31.193838
2014-07-18,31.767427
2014-07-21,31.735308000000003
2014-07-22,32.070278
2014-07-23,32.171234000000005
2014-07-24,32.244644
2014-07-25,32.129932000000004
2014-07-28,32.400669
2014-07-29,32.148289
2014-07-30,32.028988
2014-07-31,31.496695000000003
2014-08-01,31.556351
2014-08-04,32.006042
2014-08-05,31.565521
2014-08-06,31.345266
2014-08-07,31.189257
2014-08-08,31.455399
2014-08-11,31.92803
2014-08-12,31.92803
2014-08-13,32.047337
2014-08-14,32.203354
2014-08-15,32.088638
2014-08-18,32.318069
2014-08-19,32.519974
2014-08-20,32.57962
2014-08-21,32.552094
2014-08-22,32.46032
2014-08-25,32.639278000000004
2014-08-26,32.657635
2014-08-27,32.937546000000005
2014-08-28,32.634689
2014-08-29,32.643864
2014-09-02,32.786118
2014-09-03,33.254162
2014-09-04,33.1991
2014-09-05,33.290874
2014-09-08,33.130268
2014-09-09,32.666813
2014-09-10,32.584216999999995
2014-09-11,32.341019
2014-09-12,31.996862
2014-09-15,31.886740000000003
2014-09-16,32.116165
2014-09-17,31.918855999999998
2014-09-18,32.028988
2014-09-19,31.813318
2014-09-22,31.336091999999997
2014-09-23,31.138780999999998
2014-09-24,31.510458
2014-09-25,30.913929
2014-09-26,31.069947999999997
2014-09-29,30.505540999999997
2014-09-30,30.510128
2014-10-01,30.078796
2014-10-02,30.078796
2014-10-03,30.377058
2014-10-06,30.808393
2014-10-07,30.528485999999997
2014-10-08,30.969
2014-10-09,30.326578
2014-10-10,29.693344
2014-10-13,30.124681
2014-10-14,30.289875
2014-10-15,29.849361
2014-10-16,29.596984999999997
2014-10-17,29.853945
2014-10-20,29.899836999999998
2014-10-21,30.170563
2014-10-22,29.913603000000002
2014-10-23,29.968664
2014-10-24,30.133854
2014-10-27,29.835592
2014-10-28,30.496361
2014-10-29,30.473421000000002
2014-10-30,30.849690999999996
2014-10-31,31.079126000000002
2014-11-03,30.936874
2014-11-04,30.973591
2014-11-05,30.776272
2014-11-06,30.381646999999997
2014-11-07,30.496361
2014-11-10,30.592724
2014-11-11,30.556015000000002
2014-11-12,30.468828000000002
2014-11-13,30.331169
2014-11-14,30.592724
2014-11-17,30.257751000000003
2014-11-18,30.455067
2014-11-19,30.445887
2014-11-20,30.372471
2014-11-21,31.258084999999998
2014-11-24,31.047007
2014-11-25,30.950646999999996
2014-11-26,31.125017
2014-11-28,30.592724
2014-12-01,30.087971000000003
2014-12-02,30.193509999999996
2014-12-03,30.303637
2014-12-04,30.156801
2014-12-05,30.234811999999998
2014-12-08,29.720875
2014-12-09,29.395077
2014-12-10,29.041753999999997
2014-12-11,28.706778000000003
2014-12-12,28.358038
2014-12-15,27.793633000000003
2014-12-16,27.683504
2014-12-17,28.376392
2014-12-18,28.858202000000002
2014-12-19,29.023844
2014-12-22,29.363493
2014-12-23,29.140163
2014-12-24,29.237869
2014-12-26,29.330925
2014-12-29,29.289049
2014-12-30,29.261131
2014-12-31,29.237869
2015-01-02,29.037806
2015-01-05,28.651622999999997
2015-01-06,28.591137
2015-01-07,29.144817
2015-01-08,29.721756
2015-01-09,29.5403
2015-01-12,29.307661
2015-01-13,29.442593
2015-01-14,29.321617
2015-01-15,29.386759
2015-01-16,29.63335
2015-01-20,29.596134000000003
2015-01-21,30.312658000000003
2015-01-22,30.773277
2015-01-23,30.577862
2015-01-26,30.568556
2015-01-27,30.480156
2015-01-28,30.010227
2015-01-29,30.187031
2015-01-30,29.344883000000003
2015-02-02,29.926476
2015-02-03,30.391752
2015-02-04,30.187031
2015-02-05,30.410362
2015-02-06,29.921823999999997
2015-02-09,29.875296000000002
2015-02-10,29.838071999999997
2015-02-11,29.707796000000002
2015-02-12,30.261477000000003
2015-02-13,30.554596000000004
2015-02-17,30.461540000000003
2015-02-18,30.44293
2015-02-19,30.45689
2015-02-20,30.615082
2015-02-23,30.331267999999998
2015-02-24,30.754663
2015-02-25,30.629044
2015-02-26,30.5639
2015-02-27,30.596472
2015-03-02,30.512728000000003
2015-03-03,30.33592
2015-03-04,30.089321
2015-03-05,29.991613
2015-03-06,29.530996000000002
2015-03-09,29.377451
2015-03-10,28.767944
2015-03-11,28.935440000000003
2015-03-12,29.126205
2015-03-13,28.740026
2015-03-16,29.000582
2015-03-17,29.214607
2015-03-18,29.819461999999998
2015-03-19,29.475159
2015-03-20,29.833424
2015-03-23,29.968353000000004
2015-03-24,30.038140999999996
2015-03-25,29.624048
2015-03-26,29.437939
2015-03-27,29.410023
2015-03-30,30.010227
2015-03-31,29.879948
2015-04-01,30.308001
2015-04-02,30.67557
2015-04-06,31.04314
2015-04-07,30.954736999999998
2015-04-08,31.559595
2015-04-09,31.880629
2015-04-10,31.810843
2015-04-13,31.773619
2015-04-14,31.894588
2015-04-15,32.043476
2015-04-16,32.331951000000004
2015-04-17,31.647993
2015-04-20,31.578207
2015-04-21,31.806181
2015-04-22,32.12257
2015-04-23,32.308681
2015-04-24,32.411041
2015-04-27,32.648338
2015-04-28,32.694859
2015-04-29,32.392429
2015-04-30,32.01556
2015-05-01,32.099308
2015-05-04,32.262153999999995
2015-05-05,31.964376
2015-05-06,31.568895
2015-05-07,31.531670000000002
2015-05-08,31.964376
2015-05-11,31.657296999999996
2015-05-12,31.801531
2015-05-13,31.778276
2015-05-14,32.131878
2015-05-15,32.29007
2015-05-18,32.103958
2015-05-19,32.197018
2015-05-20,32.12257
2015-05-21,32.090012
2015-05-22,32.178406
2015-05-26,31.713137
2015-05-27,31.889940000000003
2015-05-28,31.43862
2015-05-29,31.075708000000002
2015-06-01,31.08036
2015-06-02,31.20598
2015-06-03,31.029179
2015-06-04,30.629044
2015-06-05,30.391752
2015-06-08,30.44293
2015-06-09,30.280088
2015-06-10,30.517371999999998
2015-06-11,30.58251
2015-06-12,30.503415999999998
2015-06-15,30.331267999999998
2015-06-16,30.31731
2015-06-17,30.517371999999998
2015-06-18,30.754663
2015-06-19,30.600046000000003
2015-06-22,30.801516999999997
2015-06-23,31.049843
2015-06-24,30.923338
2015-06-25,30.754665000000003
2015-06-26,30.511028000000003
2015-06-29,29.681719
2015-06-30,30.192422999999998
2015-07-01,30.094028
2015-07-02,30.192422999999998
2015-07-06,29.419341999999997
2015-07-07,28.83367
2015-07-08,27.873175
2015-07-09,28.627512
2015-07-10,29.349059999999998
2015-07-13,29.541159000000004
2015-07-14,29.583326
2015-07-15,29.147586999999998
2015-07-16,29.583326
2015-07-17,29.545845
2015-07-20,29.391228
2015-07-21,29.433395
2015-07-22,29.072623999999998
2015-07-23,28.782131
2015-07-24,28.388561
2015-07-27,27.760723
2015-07-28,27.929398
2015-07-29,28.158979
2015-07-30,28.023103999999996
2015-07-31,28.205833000000002
2015-08-03,27.746665999999998
2015-08-04,27.891914
2015-08-05,27.901284999999998
2015-08-06,27.79352
2015-08-07,27.732613
2015-08-10,28.299543
2015-08-11,27.563940000000002
2015-08-12,27.226595
2015-08-13,27.179740999999996
2015-08-14,27.264078
2015-08-17,26.982956
2015-08-18,26.744004999999998
2015-08-19,26.406655999999998
2015-08-20,25.858469
2015-08-21,25.118185
2015-08-24,23.848451999999998
2015-08-25,24.162371
2015-08-26,24.80895
2015-08-27,25.82099
2015-08-28,25.521128
2015-08-31,25.441475
2015-09-01,24.438807
2015-09-02,24.719929
2015-09-03,24.86986
2015-09-04,24.082722
2015-09-08,24.954199
2015-09-09,24.771465
2015-09-10,24.949512
2015-09-11,25.076014999999998
2015-09-14,24.982309
2015-09-15,25.230632999999997
2015-09-16,25.825674
2015-09-17,25.802246
2015-09-18,25.19315
2015-09-21,25.225946
2015-09-22,24.724615
2015-09-23,24.415382
2015-09-24,24.368526
2015-09-25,24.25139
2015-09-28,23.754747000000002
2015-09-29,23.914049
2015-09-30,24.560625
2015-10-01,24.644966
2015-10-02,25.286858
2015-10-05,25.77882
2015-10-06,25.731968
2015-10-07,26.369175
2015-10-08,26.626869
2015-10-09,26.659668
2015-10-12,26.500364
2015-10-13,26.158333
2015-10-14,26.355118
2015-10-15,26.907988
2015-10-16,27.006382000000002
2015-10-19,26.753372
2015-10-20,26.786169
2015-10-21,26.369175
2015-10-22,26.889248
2015-10-23,27.062607
2015-10-26,26.945471
2015-10-27,26.640922999999997
2015-10-28,26.448826
2015-10-29,26.252036999999998
2015-10-30,26.228610999999997
2015-11-02,26.692465000000002
2015-11-03,26.964212
2015-11-04,26.837709000000004
2015-11-05,26.847078000000003
2015-11-06,26.514421000000002
2015-11-09,25.928749
2015-11-10,25.858469
2015-11-11,25.872524
2015-11-12,25.661686
2015-11-13,25.329025
2015-11-16,25.788191
2015-11-17,25.769448999999998
2015-11-18,25.975603
2015-11-19,26.153646
2015-11-20,26.392603
2015-11-23,26.22393
2015-11-24,26.298895
2015-11-25,26.027143
2015-11-27,25.4977
2015-11-30,25.553925
2015-12-01,25.788191
2015-12-02,25.633572
2015-12-03,25.535179
2015-12-04,25.619518
2015-12-07,25.338398
2015-12-08,25.029161
2015-12-09,24.743358999999998
2015-12-10,24.518461
2015-12-11,23.815657
2015-12-14,24.143629
2015-12-15,24.541885
2015-12-16,25.005735
2015-12-17,24.743358999999998
2015-12-18,24.65251
2015-12-21,24.776175
2015-12-22,24.933135999999998
2015-12-23,25.280357000000002
2015-12-24,25.285111999999998
2015-12-28,25.099613
2015-12-29,25.132908
2015-12-30,24.728610999999997
2015-12-31,24.771421
2016-01-04,24.119789
2016-01-05,24.17687
2016-01-06,23.791597
2016-01-07,23.002032999999997
2016-01-08,22.797507999999997
2016-01-11,22.721403
2016-01-12,22.773726
2016-01-13,22.478827
2016-01-14,22.730917
2016-01-15,21.831954999999997
2016-01-19,22.198198
2016-01-20,21.674992
2016-01-21,21.770121
2016-01-22,22.355158
2016-01-25,22.079287
2016-01-26,22.374185999999998
2016-01-27,22.217226
2016-01-28,22.588224
2016-01-29,23.273149
2016-02-01,23.158995
2016-02-02,22.464558
2016-02-03,22.949713
2016-02-04,23.049597
2016-02-05,22.807018
2016-02-08,22.469316
2016-02-09,22.136368
2016-02-10,22.317107999999998
2016-02-11,22.003185000000002
2016-02-12,22.269543
2016-02-16,22.792749
2016-02-17,23.344496
2016-02-18,23.149483
2016-02-19,23.097160000000002
2016-02-22,23.644148
2016-02-23,23.139969
2016-02-24,23.163752
2016-02-25,23.144726000000002
2016-02-26,23.120943
2016-02-29,23.263634
2016-03-01,23.977097
2016-03-02,24.338585000000002
2016-03-03,24.571651
2016-03-04,25.047293
2016-03-07,25.018753
2016-03-08,24.700073
2016-03-09,24.966434
2016-03-10,24.82374
2016-03-11,25.39451
2016-03-14,25.294624
2016-03-15,24.799957
2016-03-16,25.323164000000002
2016-03-17,25.779779
2016-03-18,26.008085
2016-03-21,26.098457
2016-03-22,26.036627
2016-03-23,25.637089000000003
2016-03-24,25.570498
2016-03-28,25.565742
2016-03-29,25.784533
2016-03-30,26.074676999999998
2016-03-31,26.027115
2016-04-01,26.146023
2016-04-04,25.813076000000002
2016-04-05,25.346947
2016-04-06,25.637089000000003
2016-04-07,25.137665
2016-04-08,25.51342
2016-04-11,25.865395
2016-04-12,26.312496000000003
2016-04-13,26.773870000000002
2016-04-14,26.569344
2016-04-15,26.502756
2016-04-18,26.569344
2016-04-19,26.935591
2016-04-20,26.821434000000004
2016-04-21,26.555079
2016-04-22,26.464705
2016-04-25,26.212616
2016-04-26,26.464705
2016-04-27,26.612153999999997
2016-04-28,26.336278999999998
2016-04-29,26.388601
2016-05-02,26.312496000000003
2016-05-03,25.575256
2016-05-04,25.280357000000002
2016-05-05,25.218523
2016-05-06,25.237548999999998
2016-05-09,24.952164
2016-05-10,25.484886
2016-05-11,25.408781
2016-05-12,25.308892999999998
2016-05-13,24.928380999999998
2016-05-16,25.18047
2016-05-17,25.113882
2016-05-18,24.999727
2016-05-19,24.647753
2016-05-20,24.871305
2016-05-23,24.847523000000002
2016-05-24,25.156691
2016-05-25,25.318409
2016-05-26,25.503908
2016-05-27,25.522934
2016-05-31,25.565742
2016-06-01,25.580011
2016-06-02,25.736973000000003
2016-06-03,26.06041
2016-06-06,26.279204999999997
2016-06-07,26.555079
2016-06-08,26.693012
2016-06-09,26.326765
2016-06-10,25.71319
2016-06-13,25.427807
2016-06-14,25.375483
2016-06-15,25.599035
2016-06-16,25.518179
2016-06-17,25.544523
2016-06-20,26.018723
2016-06-21,26.148048
2016-06-22,26.104939
2016-06-23,26.751575
2016-06-24,25.376875
2016-06-27,25.065533
2016-06-28,25.812757
2016-06-29,26.373175
2016-06-30,26.612671000000002
2016-07-01,26.837792999999998
2016-07-05,26.382759000000004
2016-07-06,26.301327
2016-07-07,26.248638
2016-07-08,26.732418
2016-07-11,27.029388
2016-07-12,27.369473
2016-07-13,27.316785999999997
2016-07-14,27.690395000000002
2016-07-15,27.585017999999998
2016-07-18,27.824512
2016-07-19,27.575439000000003
2016-07-20,27.776615000000003
2016-07-21,27.671235999999997
2016-07-22,27.814936
2016-07-25,27.61376
2016-07-26,27.738295
2016-07-27,27.767034999999996
2016-07-28,27.781404
2016-07-29,27.901152000000003
2016-08-01,27.872414000000003
2016-08-02,27.723928000000004
2016-08-03,27.925098
2016-08-04,28.068797999999997
2016-08-05,28.38014
2016-08-08,28.533419
2016-08-09,28.806440000000002
2016-08-10,28.729805
2016-08-11,29.079465999999996
2016-08-12,29.132156
2016-08-15,29.386019
2016-08-16,29.223164
2016-08-17,29.122576000000002
2016-08-18,29.290221999999996
2016-08-19,29.151314000000003
2016-08-22,28.744171
2016-08-23,28.763332000000002
2016-08-24,28.753756
2016-08-25,28.681908
2016-08-26,28.475941
2016-08-29,28.825602000000003
2016-08-30,28.696274
2016-08-31,28.428040999999997
2016-09-01,28.590899
2016-09-02,29.031569
2016-09-06,29.606355999999998
2016-09-07,29.529715999999997
2016-09-08,29.491397999999997
2016-09-09,28.672325
2016-09-12,28.859133
2016-09-13,28.207704999999997
2016-09-14,28.360983
2016-09-15,28.748964
2016-09-16,28.571737
2016-09-19,28.677115999999998
2016-09-20,28.710644
2016-09-21,29.381228999999998
2016-09-22,29.611146999999995
2016-09-23,29.285433
2016-09-26,28.89266
2016-09-27,29.204006
2016-09-28,29.481817
2016-09-29,28.954928999999996
2016-09-30,29.017196999999996
2016-10-03,29.256693
2016-10-04,28.998039000000002
2016-10-05,29.467446999999996
2016-10-06,29.386019
2016-10-07,29.232742
2016-10-10,29.548873999999998
2016-10-11,28.954928999999996
2016-10-12,28.969299
2016-10-13,28.715433
2016-10-14,28.763332000000002
2016-10-17,28.710644
2016-10-18,29.232742
2016-10-19,29.395599
2016-10-20,29.304592
2016-10-21,29.371651
2016-10-24,29.438709000000003
2016-10-25,29.438709000000003
2016-10-26,29.170475
2016-10-27,29.017196999999996
2016-10-28,28.883081
2016-10-31,29.156105
2016-11-01,28.84955
2016-11-02,28.619637
2016-11-03,28.428040999999997
2016-11-04,28.092748999999998
2016-11-07,29.103415000000002
2016-11-08,29.184845000000003
2016-11-09,28.3993
2016-11-10,27.819723
2016-11-11,27.206616999999998
2016-11-14,27.077288
2016-11-15,27.527540000000002
2016-11-16,27.316785999999997
2016-11-17,27.335945000000002
2016-11-18,27.201828000000003
2016-11-21,27.508378999999998
2016-11-22,27.795773999999998
2016-11-23,27.513168
2016-11-25,27.618546999999996
2016-11-28,27.743084000000003
2016-11-29,27.632919
2016-11-30,27.776615000000003
2016-12-01,27.527540000000002
2016-12-02,27.532329999999998
2016-12-05,27.757454
2016-12-06,27.886784000000002
2016-12-07,28.265182
2016-12-08,28.346615000000003
2016-12-09,28.265182
2016-12-12,28.020901000000002
2016-12-13,28.313084000000003
2016-12-14,27.585017999999998
2016-12-15,27.671235999999997
2016-12-16,27.420990000000003
2016-12-19,27.324371000000003
2016-12-20,27.338860999999998
2016-12-21,27.276058000000003
2016-12-22,27.058659000000002
2016-12-23,27.126296999999997
2016-12-27,27.295382
2016-12-28,27.420990000000003
2016-12-29,27.836458
2016-12-30,27.672203000000003
2017-01-03,27.957233000000002
2017-01-04,28.237434000000004
2017-01-05,28.585271999999996
2017-01-06,28.454832
2017-01-09,28.387196999999997
2017-01-10,28.575609000000004
2017-01-11,28.908949
2017-01-12,28.8703
2017-01-13,28.855808000000003
2017-01-17,28.8703
2017-01-18,28.788173999999998
2017-01-19,28.744696
2017-01-20,28.793003000000002
2017-01-23,28.995909
2017-01-24,29.256785999999998
2017-01-25,29.541819
2017-01-26,29.479013000000002
2017-01-27,29.532154
2017-01-30,29.251953000000004
2017-01-31,29.309925
2017-02-01,29.440365000000003
2017-02-02,29.590126
2017-02-03,29.754381
2017-02-06,29.749552
2017-02-07,29.623945000000003
2017-02-08,29.831678000000004
2017-02-09,29.976609999999997
2017-02-10,30.218161
2017-02-13,30.411403999999997
2017-02-14,30.43556
2017-02-15,30.701265000000003
2017-02-16,30.561165000000003
2017-02-17,30.411403999999997
2017-02-21,30.754408
2017-02-22,30.826876000000002
2017-02-23,30.836536
2017-02-24,30.464546000000002
2017-02-27,30.401740999999998
2017-02-28,30.227822999999997
2017-03-01,30.652956
2017-03-02,30.150526
2017-03-03,30.363091999999998
2017-03-06,30.372754999999998
2017-03-07,30.372754999999998
2017-03-08,30.174683
2017-03-09,29.846171999999996
2017-03-10,30.049076
2017-03-13,30.512853999999997
2017-03-14,30.295458
2017-03-15,30.995959999999997
2017-03-16,31.160217
2017-03-17,31.165049
2017-03-20,31.493559
2017-03-21,31.111904
2017-03-22,31.27133
2017-03-23,31.232681
2017-03-24,31.348625
2017-03-27,31.348625
2017-03-28,31.392104999999997
2017-03-29,31.425924
2017-03-30,31.309975
2017-03-31,30.995959999999997
2017-04-03,31.242341999999997
2017-04-04,31.295481
2017-04-05,31.314808000000003
2017-04-06,31.150553000000002
2017-04-07,31.189199
2017-04-10,31.121567
2017-04-11,31.087747999999998
2017-04-12,31.179540999999997
2017-04-13,31.015284
2017-04-17,31.295481
2017-04-18,30.976637
2017-04-19,30.638462
2017-04-20,31.049099
2017-04-21,30.976637
2017-04-24,31.382441999999998
2017-04-25,31.595007
2017-04-26,31.450075
2017-04-27,31.416259999999998
2017-04-28,31.488728000000002
2017-05-01,31.657812
2017-05-02,31.797915999999997
2017-05-03,31.503221999999997
2017-05-04,31.145721
2017-05-05,31.363119
2017-05-08,31.256834
2017-05-09,31.595007
2017-05-10,31.831732000000002
2017-05-11,31.855888
2017-05-12,32.010483
2017-05-15,32.372807
2017-05-16,32.358315000000005
2017-05-17,31.928349
2017-05-18,31.36795
2017-05-19,31.938011
2017-05-22,32.039463
2017-05-23,32.010483
2017-05-24,32.155411
2017-05-25,32.281017
2017-05-26,32.348652
2017-05-30,32.285851
2017-05-31,32.020138
2017-06-01,32.256859000000006
2017-06-02,32.401787
2017-06-05,32.372807
2017-06-06,32.372807
2017-06-07,32.343819
2017-06-08,32.551552
2017-06-09,32.179565000000004
2017-06-12,32.136086
2017-06-13,32.285851
2017-06-14,32.208546000000005
2017-06-15,31.928349
2017-06-16,32.030753999999995
2017-06-19,32.331646
2017-06-20,31.841478000000002
2017-06-21,32.093841999999995
2017-06-22,32.205463
2017-06-23,32.307384000000006
2017-06-26,32.64225
2017-06-27,32.205463
2017-06-28,32.554893
2017-06-29,32.132668
2017-06-30,32.326794
2017-07-03,32.467537
2017-07-05,32.438416
2017-07-06,32.137524
2017-07-07,32.205463
2017-07-10,32.457825
2017-07-11,32.685925
2017-07-12,33.316837
2017-07-13,33.360516
2017-07-14,33.855534000000006
2017-07-17,33.680820000000004
2017-07-18,33.792442
2017-07-19,33.996277
2017-07-20,33.991421
2017-07-21,33.874947
2017-07-24,33.991421
2017-07-25,33.991421
2017-07-26,34.238937
2017-07-27,34.088482
2017-07-28,34.146725
2017-07-31,34.146725
2017-08-01,34.369968
2017-08-02,34.355412
2017-08-03,34.287468
2017-08-04,34.423351000000004
2017-08-07,34.661156
2017-08-08,34.690277
2017-08-09,34.505856
2017-08-10,33.700233000000004
2017-08-11,33.802151
2017-08-14,34.073925
2017-08-15,34.049659999999996
2017-08-16,34.46703
2017-08-17,34.015685999999995
2017-08-18,34.311726
2017-08-21,34.46703
2017-08-22,34.767921
2017-08-23,34.928078
2017-08-24,35.078526000000004
2017-08-25,35.282356
2017-08-28,35.185295
2017-08-29,35.141621
2017-08-30,35.238678
2017-08-31,35.355156
2017-09-01,35.573547
2017-09-05,35.287212
2017-09-06,35.461926
2017-09-07,35.656055
2017-09-08,35.447365000000005
2017-09-11,35.859882
2017-09-12,35.859882
2017-09-13,35.665756
2017-09-14,35.762817
2017-09-15,35.971508
2017-09-18,36.063713
2017-09-19,36.068565
2017-09-20,35.898711999999996
2017-09-21,35.95694
2017-09-22,35.757969
2017-09-25,34.962051
2017-09-26,35.151325
2017-09-27,34.835865000000005
2017-09-28,34.821308
2017-09-29,35.170734
2017-10-02,35.083382
2017-10-03,35.61237
2017-10-04,35.670612
2017-10-05,35.869591
2017-10-06,35.651196
2017-10-09,35.491043
2017-10-10,35.952095
2017-10-11,35.990916999999996
2017-10-12,35.95694
2017-10-13,36.335495
2017-10-16,36.388878000000005
2017-10-17,36.223869
2017-10-18,36.243282
2017-10-19,36.020039000000004
2017-10-20,36.07827
2017-10-23,35.864738
2017-10-24,35.92297
2017-10-25,35.757969
2017-10-26,35.622082
2017-10-27,36.000626000000004
2017-10-30,35.855026
2017-10-31,36.029742999999996
2017-11-01,36.107395000000004
2017-11-02,36.204456
2017-11-03,36.029742999999996
2017-11-06,36.398579
2017-11-07,36.155926
2017-11-08,36.350048
2017-11-09,36.136509000000004
2017-11-10,36.087978
2017-11-13,36.029742999999996
2017-11-14,35.748259999999995
2017-11-15,35.583252
2017-11-16,36.165627
2017-11-17,36.398579
2017-11-20,36.53447
2017-11-21,37.000370000000004
2017-11-22,37.019787
2017-11-24,36.932426
2017-11-27,36.631535
2017-11-28,36.874190999999996
2017-11-29,36.282108
2017-11-30,36.107395000000004
2017-12-01,35.825909
2017-12-04,35.874439
2017-12-05,35.806496
2017-12-06,35.427956
2017-12-07,35.476486
2017-12-08,35.816204
2017-12-11,36.039452000000004
2017-12-12,35.816204
2017-12-13,36.155926
2017-12-14,35.942383
2017-12-15,36.035286
2017-12-18,36.377552
2017-12-19,36.240646000000005
2017-12-20,36.406883
2017-12-21,36.719807
2017-12-22,36.964283
2017-12-26,36.983841
2017-12-27,36.983841
2017-12-28,37.17942
2017-12-29,37.306545
2018-01-02,38.137753000000004
2018-01-03,38.392006
2018-01-04,38.636475
2018-01-05,38.949406
2018-01-08,38.978737
2018-01-09,38.920066999999996
2018-01-10,38.724486999999996
2018-01-11,38.988518
2018-01-12,39.350338
2018-01-16,39.164539000000005
2018-01-17,39.761051
2018-01-18,39.819728999999995
2018-01-19,40.181545
2018-01-22,40.50425
2018-01-23,40.641155
2018-01-24,41.051868
2018-01-25,40.944297999999996
2018-01-26,41.511478000000004
2018-01-29,40.934521000000004
2018-01-30,40.328232
2018-01-31,40.641155
2018-02-01,40.298893
2018-02-02,39.448128000000004
2018-02-05,38.245323
2018-02-06,39.242771000000005
2018-02-07,38.127975
2018-02-08,36.827377
2018-02-09,37.394558
2018-02-12,37.942173
2018-02-13,38.19643
2018-02-14,39.047191999999995
2018-02-15,39.6926
2018-02-16,39.565472
2018-02-20,39.154758
2018-02-21,39.252548
2018-02-22,39.311221999999994
2018-02-23,39.897957
2018-02-26,40.269554
2018-02-27,39.154758
2018-02-28,38.724486999999996
2018-03-01,38.685371
2018-03-02,38.744045
2018-03-05,38.880947
2018-03-06,39.06675
2018-03-07,38.959179
2018-03-08,38.959179
2018-03-09,39.702377
2018-03-12,39.819728999999995
2018-03-13,39.409012
2018-03-14,39.457905
2018-03-15,39.33078
2018-03-16,39.252548
2018-03-19,38.812496
2018-03-20,39.164539000000005
2018-03-21,39.369892
2018-03-22,38.069302
2018-03-23,37.511902
2018-03-26,38.61692
2018-03-27,37.942173
2018-03-28,37.746593
2018-03-29,38.431118
2018-04-02,37.775936
2018-04-03,38.137753000000004
2018-04-04,38.225761
2018-04-05,38.323547
2018-04-06,37.590134
2018-04-09,37.590134
2018-04-10,38.323547
2018-04-11,38.343109000000005
2018-04-12,38.382225
2018-04-13,37.981289000000004
2018-04-16,37.942173
2018-04-17,37.971512
2018-04-18,38.284439
2018-04-19,38.069302
2018-04-20,37.687927
2018-04-23,37.365219
2018-04-24,37.110966
2018-04-25,36.964283
2018-04-26,37.316326000000004
2018-04-27,37.521679
2018-04-30,37.238094
2018-05-01,37.140305
2018-05-02,36.954506
2018-05-03,36.719807
2018-05-04,36.905613
2018-05-07,36.700253000000004
2018-05-08,36.856716
2018-05-09,36.856716
2018-05-10,37.590134
2018-05-11,37.511902
2018-05-14,37.62925
2018-05-15,36.925167
2018-05-16,37.541241
2018-05-17,36.876274
2018-05-18,36.514454
2018-05-21,36.807819
2018-05-22,36.944725
2018-05-23,36.758926
2018-05-24,36.651356
2018-05-25,36.66114
2018-05-29,35.957058
2018-05-30,36.39711
2018-05-31,36.269981
2018-06-01,36.729591
2018-06-04,37.150085
2018-06-05,36.876274
2018-06-06,37.238094
2018-06-07,36.837158
2018-06-08,36.866493
2018-06-11,36.739368
2018-06-12,36.719807
2018-06-13,36.39711
2018-06-14,36.289539000000005
2018-06-15,36.103737
2018-06-18,35.642063
2018-06-19,35.365840999999996
2018-06-20,35.464493
2018-06-21,34.961376
2018-06-22,35.247463
2018-06-25,34.862728000000004
2018-06-26,34.665432
2018-06-27,33.955154
2018-06-28,34.182049
2018-06-29,34.862728000000004
2018-07-02,34.428672999999996
2018-07-03,34.54705
2018-07-05,34.635838
2018-07-06,34.892323
2018-07-09,35.503952000000005
2018-07-10,35.454624
2018-07-11,34.813404
2018-07-12,35.355976
2018-07-13,35.306652
2018-07-16,35.089622
2018-07-17,35.385571
2018-07-18,35.316517
2018-07-19,34.842999
2018-07-20,35.355976
2018-07-23,35.217869
2018-07-24,35.740711
2018-07-25,36.283279
2018-07-26,35.918278
2018-07-27,36.056389
2018-07-30,36.026794
2018-07-31,36.135307
2018-08-01,35.947872
2018-08-02,35.6026
2018-08-03,35.651924
2018-08-06,35.484221999999995
2018-08-07,35.770302
2018-08-08,35.711117
2018-08-09,35.661792999999996
2018-08-10,35.000839
2018-08-13,34.537186
2018-08-14,34.665432
2018-08-15,33.619747
2018-08-16,33.797314
2018-08-17,34.182049
2018-08-20,34.300426
2018-08-21,34.635838
2018-08-22,34.912052
2018-08-23,34.418808
2018-08-24,34.951515
2018-08-27,35.415169
2018-08-28,35.257328
2018-08-29,35.425034000000004
2018-08-30,34.576645
2018-08-31,34.74435
2018-09-04,33.92556
2018-09-05,33.580288
2018-09-06,33.540825
2018-09-07,33.461906
2018-09-10,33.08704
2018-09-11,33.017986
2018-09-12,33.274471000000005
2018-09-13,33.619747
2018-09-14,33.669071
2018-09-17,33.442177
2018-09-18,33.708529999999996
2018-09-19,34.132721000000004
2018-09-20,34.438538
2018-09-21,34.556915000000004
2018-09-24,34.172184
2018-09-25,34.330021
2018-09-26,34.300426
2018-09-27,34.527321
2018-09-28,34.359619
2018-10-01,34.359619
2018-10-02,34.004482
2018-10-03,33.807182
2018-10-04,33.037715999999996
2018-10-05,32.840416
2018-10-08,33.017986
2018-10-09,32.810818
2018-10-10,31.903246000000003
2018-10-11,31.627028000000003
2018-10-12,32.51487
2018-10-15,32.228786
2018-10-16,33.037715999999996
2018-10-17,32.603657
2018-10-18,31.804598
2018-10-19,32.061085
2018-10-22,32.366898
2018-10-23,32.080814000000004
2018-10-24,31.104184999999998
2018-10-25,31.646759000000003
2018-10-26,31.380402
2018-10-29,30.867426000000002
2018-10-30,31.419863
2018-10-31,31.814460999999998
2018-11-01,32.929199
2018-11-02,33.077171
2018-11-05,33.175823
2018-11-06,33.077171
2018-11-07,33.669071
2018-11-08,32.791092
2018-11-09,32.347167999999996
2018-11-12,31.824324
2018-11-13,32.179462
2018-11-14,32.445816
2018-11-15,33.077171
2018-11-16,33.26461
2018-11-19,32.830546999999996
2018-11-20,32.140007000000004
2018-11-21,32.741764
2018-11-23,32.297844
2018-11-26,32.643116
2018-11-27,32.87001
2018-11-28,33.669071
2018-11-29,33.412582
2018-11-30,33.422447
2018-12-03,34.014343
2018-12-04,33.373123
2018-12-06,33.175823
2018-12-07,32.554333
2018-12-10,32.169598
2018-12-11,32.406357
2018-12-12,32.879875
2018-12-13,32.988388
2018-12-14,32.593792
2018-12-17,32.179462
2018-12-18,32.396491999999995
2018-12-19,31.922976000000002
2018-12-20,32.189331
2018-12-21,31.775
2018-12-24,31.559998999999998
2018-12-26,32.139998999999996
2018-12-27,32.18
2018-12-28,32.459998999999996
